id,revenue
3001,400151.88
3002,631701.3
3003,15346882.0
3004,29308384.0
3005,245343.0
3006,1907591.1
3007,791797.9
3008,26066720.0
3009,20366636.0
3010,480542880.0
3011,129481.41
3012,306318.9
3013,16216218.0
3014,35339.402
3015,26337792.0
3016,21266.64
3017,111835470.0
3018,187048910.0
3019,11446436.0
3020,1100804700.0
3021,35517230.0
3022,24694400.0
3023,10434.192
3024,11920313.0
3025,2623043.5
3026,69505020.0
3027,378774.5
3028,70685390.0
3029,69019.48
3030,75134216.0
3031,9780838.0
3032,861076.94
3033,576.26294
3034,7474.419
3035,47834.633
3036,3325461.8
3037,72984160.0
3038,7716381.5
3039,8286510.0
3040,76339.15
3041,10612059.0
3042,586863.3
3043,10360934.0
3044,3901211.0
3045,429543230.0
3046,3685109.5
3047,5760264.0
3048,40165930.0
3049,81916456.0
3050,11114811.0
3051,7485.727
3052,42775740.0
3053,194072.64
3054,102479.41
3055,30879102.0
3056,158070.28
3057,54703910.0
3058,203656370.0
3059,32327.121
3060,69293896.0
3061,23863432.0
3062,13381934.0
3063,20413966.0
3064,17939586.0
3065,14596997.0
3066,79239570.0
3067,783898.25
3068,63720596.0
3069,277737860.0
3070,166780.97
3071,15313490.0
3072,352769660.0
3073,794351.25
3074,71500.73
3075,61940256.0
3076,374103000.0
3077,23069268.0
3078,120926900.0
3079,5245890.0
3080,131537090.0
3081,7465804.0
3082,3039393.5
3083,17309320.0
3084,2901.104
3085,12173286.0
3086,40151836.0
3087,31038.227
3088,22732.227
3089,75317.69
3090,25661858.0
3091,13752055.0
3092,612205.75
3093,266447600.0
3094,101714970.0
3095,102382780.0
3096,1778694.5
3097,1312812500.0
3098,8602698.0
3099,38061064.0
3100,1705486.2
3101,7071528.5
3102,1724453.2
3103,65002.43
3104,1885631.4
3105,77448140.0
3106,39089080.0
3107,31335300.0
3108,1491876.0
3109,10274933.0
3110,174623650.0
3111,6821512.0
3112,2471728.0
3113,6642921.5
3114,15483277.0
3115,16202460.0
3116,6601266.0
3117,707972.8
3118,2442293.2
3119,102910610.0
3120,84683130.0
3121,4845538.0
3122,1643127.9
3123,7961136.0
3124,548876.5
3125,106928.35
3126,27706574.0
3127,2873707.0
3128,26243468.0
3129,202241540.0
3130,11979620.0
3131,2449293.0
3132,3892474.0
3133,26473.443
3134,5932253.0
3135,3823362.2
3136,78353.83
3137,46065490.0
3138,611015.25
3139,12390201.0
3140,59785564.0
3141,18463740.0
3142,1270174.4
3143,38372972.0
3144,9554065.0
3145,3914232.2
3146,673771.4
3147,6798217.0
3148,1504137.8
3149,13313501.0
3150,76830930.0
3151,9136972.0
3152,7325739.5
3153,1611365.2
3154,4833768.5
3155,52558990.0
3156,11322731.0
3157,1844344.8
3158,148095780.0
3159,6589629.5
3160,12669374.0
3161,251336.08
3162,5867156.5
3163,161414560.0
3164,1310134.2
3165,17544.11
3166,1241314.2
3167,92772350.0
3168,569306.7
3169,7327794.0
3170,4823159.0
3171,28245548.0
3172,28739096.0
3173,1412056.9
3174,5520116.0
3175,25122686.0
3176,14741875.0
3177,126473380.0
3178,2329959.0
3179,9207773.0
3180,3929724.5
3181,90302.68
3182,142000530.0
3183,10984293.0
3184,27693578.0
3185,24944254.0
3186,69104750.0
3187,16439885.0
3188,8047293.5
3189,75626936.0
3190,948081.25
3191,20040940.0
3192,928954.0
3193,300669600.0
3194,86450584.0
3195,10528.18
3196,3836277.0
3197,10145314.0
3198,187474300.0
3199,121463890.0
3200,2920476.2
3201,4924623.5
3202,1238492.9
3203,34173.164
3204,9592885.0
3205,6950146.5
3206,4014977.5
3207,33721520.0
3208,3014607.8
3209,2796359.0
3210,438976200.0
3211,106298.17
3212,35498744.0
3213,107008880.0
3214,16989978.0
3215,1005830.7
3216,21788784.0
3217,466593060.0
3218,5365143.0
3219,6263067.5
3220,117608110.0
3221,8702634.0
3222,478735.72
3223,7486052.0
3224,1601.2485
3225,8568268.0
3226,509244.78
3227,37924972.0
3228,220199150.0
3229,185090600.0
3230,28701078.0
3231,55124020.0
3232,25169736.0
3233,8281461.5
3234,4867765.0
3235,2683347.5
3236,67662.1
3237,5818140.0
3238,3874556.0
3239,247519.95
3240,415272000.0
3241,191237.36
3242,937820.7
3243,57849.21
3244,113403.43
3245,4299542.0
3246,39620596.0
3247,1251336.4
3248,78439580.0
3249,21950252.0
3250,407652580.0
3251,281553.25
3252,17461390.0
3253,52913150.0
3254,1172246.0
3255,75044.16
3256,40588576.0
3257,6837593.0
3258,23004150.0
3259,46663284.0
3260,4709301.0
3261,411445060.0
3262,26349196.0
3263,378198.03
3264,565572.75
3265,351233.0
3266,17179.195
3267,8364542.0
3268,30721.2
3269,52868764.0
3270,50143052.0
3271,210264.53
3272,9485520.0
3273,1023233.3
3274,422418620.0
3275,53992080.0
3276,615795.2
3277,1362528.0
3278,72542540.0
3279,47838624.0
3280,386855360.0
3281,311110.4
3282,147408.61
3283,224289650.0
3284,14061591.0
3285,44265692.0
3286,767269.25
3287,2657420.0
3288,6573467.0
3289,19149624.0
3290,75920180.0
3291,15394082.0
3292,440776670.0
3293,110484700.0
3294,3176920.2
3295,9082864.0
3296,935083.44
3297,173453.75
3298,18430208.0
3299,5226061.5
3300,15528349.0
3301,110571.02
3302,2205881.0
3303,4160651.0
3304,8031377.0
3305,33913412.0
3306,571781.3
3307,46353784.0
3308,20098780.0
3309,1530436.2
3310,535587.3
3311,1754009.9
3312,538808.25
3313,49975770.0
3314,8805873.0
3315,88160040.0
3316,14457954.0
3317,276353.56
3318,566673.06
3319,444945.62
3320,21631142.0
3321,3655037.0
3322,1869639.1
3323,62157784.0
3324,2509642.0
3325,43576590.0
3326,376771140.0
3327,73175400.0
3328,54591548.0
3329,7329862.5
3330,42380244.0
3331,7050.632
3332,29538590.0
3333,119195700.0
3334,1036868.9
3335,10002476.0
3336,8133856.0
3337,451619.9
3338,10456286.0
3339,140811.78
3340,44424452.0
3341,3252110.0
3342,48312324.0
3343,20212766.0
3344,3026816.5
3345,4425776.5
3346,9035967.0
3347,434836.62
3348,26216502.0
3349,50618810.0
3350,261100240.0
3351,40098184.0
3352,2312169.0
3353,84803710.0
3354,4827355.5
3355,683376.75
3356,25196252.0
3357,118713.516
3358,10682080.0
3359,14343034.0
3360,15393583.0
3361,52698824.0
3362,3089616.0
3363,9078845.0
3364,23608008.0
3365,202876.17
3366,60073270.0
3367,123232970.0
3368,202231.36
3369,19996990.0
3370,148916350.0
3371,38119256.0
3372,9587050.0
3373,37335576.0
3374,9062306.0
3375,57616412.0
3376,19410714.0
3377,4769459.5
3378,31617830.0
3379,214932980.0
3380,46576230.0
3381,970133.1
3382,235946.05
3383,1947966.2
3384,24618684.0
3385,77927050.0
3386,1258836.4
3387,8237006.0
3388,66712790.0
3389,574915140.0
3390,15173468.0
3391,17885570.0
3392,3433301.5
3393,992499.1
3394,58438070.0
3395,63102796.0
3396,42835176.0
3397,166740.42
3398,336037820.0
3399,63054910.0
3400,35418190.0
3401,2004904.4
3402,846827.0
3403,84982300.0
3404,6344278.0
3405,24001606.0
3406,147236740.0
3407,152114080.0
3408,30483164.0
3409,374788.12
3410,50141140.0
3411,30191762.0
3412,16708142.0
3413,23898596.0
3414,192535.53
3415,1680754.5
3416,2571418.8
3417,51076184.0
3418,49514370.0
3419,365219520.0
3420,1053832.1
3421,14957070.0
3422,342568.3
3423,354525470.0
3424,465658.25
3425,688598.6
3426,3800579.2
3427,9409621.0
3428,1791616.1
3429,1816843.9
3430,442411520.0
3431,471819.53
3432,952112.44
3433,674081.8
3434,16520228.0
3435,177165630.0
3436,91834520.0
3437,3205311.0
3438,7753249.0
3439,41702750.0
3440,22613318.0
3441,59839750.0
3442,1410902.0
3443,6366570.0
3444,620989.06
3445,46430148.0
3446,759858.5
3447,1655718.2
3448,34543464.0
3449,9093091.0
3450,115649690.0
3451,40010864.0
3452,18076908.0
3453,62952890.0
3454,32277554.0
3455,6649272.5
3456,125934180.0
3457,3650268.2
3458,10996388.0
3459,891695200.0
3460,12066947.0
3461,4398116.5
3462,3638014.2
3463,15430946.0
3464,68200.08
3465,19335334.0
3466,10539683.0
3467,2050049.1
3468,62894560.0
3469,1182882.0
3470,222668.34
3471,69759360.0
3472,5899930.0
3473,55979068.0
3474,60552630.0
3475,378239300.0
3476,3415714.8
3477,40634972.0
3478,2795023.2
3479,281486500.0
3480,5963314.5
3481,86437.086
3482,498294.7
3483,2643820.5
3484,3209024.0
3485,57829010.0
3486,54185416.0
3487,74501896.0
3488,131711820.0
3489,282508.1
3490,11842312.0
3491,10552718.0
3492,4254109.5
3493,54344188.0
3494,17219982.0
3495,134334980.0
3496,10768120.0
3497,73376100.0
3498,46684652.0
3499,10094626.0
3500,219546.53
3501,131553400.0
3502,39061132.0
3503,65383156.0
3504,29383834.0
3505,3770567.8
3506,82335320.0
3507,212380320.0
3508,39095270.0
3509,34198244.0
3510,33157202.0
3511,6416516.0
3512,146860060.0
3513,9962777.0
3514,11857500.0
3515,1129836.0
3516,1383153.5
3517,695265340.0
3518,29154222.0
3519,3598594.0
3520,216093.9
3521,104432.51
3522,1984899.9
3523,52373856.0
3524,41126200.0
3525,91635930.0
3526,5414168.0
3527,27954522.0
3528,5692905.0
3529,297562560.0
3530,15417854.0
3531,89787800.0
3532,24809452.0
3533,33109742.0
3534,11034333.0
3535,171217060.0
3536,3576853.8
3537,29914668.0
3538,39661804.0
3539,64484748.0
3540,1437855.8
3541,37952616.0
3542,93231610.0
3543,78787.766
3544,51252136.0
3545,240806.75
3546,1221149.0
3547,83770810.0
3548,480265250.0
3549,3658507.0
3550,184885600.0
3551,88846400.0
3552,133538940.0
3553,33699852.0
3554,205519650.0
3555,98567290.0
3556,7637269.0
3557,15935299.0
3558,179174700.0
3559,49113116.0
3560,1176965.4
3561,59034856.0
3562,2848764.2
3563,12932272.0
3564,458448.06
3565,13552129.0
3566,73194520.0
3567,8948803.0
3568,1526312.8
3569,107601810.0
3570,865069.75
3571,17857550.0
3572,228953860.0
3573,315912.97
3574,31916846.0
3575,11000857.0
3576,24955580.0
3577,28391492.0
3578,109164410.0
3579,9887113.0
3580,7470454.5
3581,4024089.5
3582,131055260.0
3583,869694.6
3584,18229636.0
3585,50907536.0
3586,27403638.0
3587,7626068.0
3588,3414438.0
3589,15903720.0
3590,8792221.0
3591,429277860.0
3592,255308.44
3593,1436030.5
3594,49246.46
3595,39363890.0
3596,24367444.0
3597,386133.56
3598,27913550.0
3599,12960175.0
3600,7646503.0
3601,42827.375
3602,50933.9
3603,2313973.5
3604,3078040.5
3605,87201440.0
3606,351674.44
3607,34269548.0
3608,81511544.0
3609,536160.75
3610,46435196.0
3611,890307.8
3612,13614568.0
3613,3119475.0
3614,44744704.0
3615,19907066.0
3616,49004104.0
3617,16756620.0
3618,114357064.0
3619,7964.712
3620,50410410.0
3621,207794770.0
3622,99256080.0
3623,18060022.0
3624,1164913.0
3625,2196093.2
3626,23554708.0
3627,12842503.0
3628,513999840.0
3629,5633378.0
3630,139852.47
3631,66911844.0
3632,9860107.0
3633,34729764.0
3634,2135848.8
3635,896346.4
3636,64779748.0
3637,966822.0
3638,13936205.0
3639,47838624.0
3640,305558270.0
3641,447443.03
3642,1934809.9
3643,7621844.0
3644,9695528.0
3645,13389134.0
3646,1734906.5
3647,30127220.0
3648,736993.6
3649,9299800.0
3650,5124281.5
3651,465386940.0
3652,8902429.0
3653,226075070.0
3654,1486500.6
3655,12340907.0
3656,96026.44
3657,57425.41
3658,938004.06
3659,151452270.0
3660,200810500.0
3661,4261902.0
3662,23989204.0
3663,383637000.0
3664,524384.75
3665,872529.1
3666,7952546.0
3667,121199144.0
3668,34048350.0
3669,2420014.5
3670,22641068.0
3671,655901.44
3672,3656860.5
3673,86004390.0
3674,2046864.8
3675,194725400.0
3676,103642010.0
3677,11579066.0
3678,5935269.5
3679,27275880.0
3680,580462.75
3681,5390309.0
3682,154401100.0
3683,1955236.0
3684,110930030.0
3685,138972740.0
3686,2911449.5
3687,85054460.0
3688,730744.5
3689,1000906.56
3690,92550370.0
3691,621383.0
3692,264486.4
3693,105449380.0
3694,145417620.0
3695,51132330.0
3696,3126664.5
3697,11463478.0
3698,10608680.0
3699,4767385.5
3700,18063.06
3701,20815564.0
3702,58449.414
3703,78646620.0
3704,48811290.0
3705,8650282.0
3706,52280840.0
3707,3726504.2
3708,12240923.0
3709,111569370.0
3710,3063851.0
3711,66687.39
3712,17759996.0
3713,3403602.2
3714,493411.75
3715,5811945.5
3716,2604048.5
3717,1736694.2
3718,618351.0
3719,29475274.0
3720,1356144.8
3721,38639.81
3722,14889071.0
3723,419167.28
3724,5224347.0
3725,22180294.0
3726,3254167.0
3727,40785690.0
3728,115292900.0
3729,3060452.0
3730,74670340.0
3731,127316370.0
3732,807967.75
3733,289616420.0
3734,249090850.0
3735,53584280.0
3736,19503122.0
3737,1921680.0
3738,704640.6
3739,5001249.5
3740,1621689.6
3741,3028681.8
3742,54185624.0
3743,6393658.5
3744,122720690.0
3745,48587616.0
3746,136928590.0
3747,58062.23
3748,2914091.0
3749,624995.9
3750,109751.88
3751,22726952.0
3752,1498435.1
3753,9557254.0
3754,60988456.0
3755,81026056.0
3756,9575008.0
3757,320781660.0
3758,117906160.0
3759,1506704.8
3760,152157600.0
3761,28678916.0
3762,245095310.0
3763,16581945.0
3764,24003940.0
3765,1248238.6
3766,245540.8
3767,5654768.0
3768,3877690.8
3769,342818.34
3770,587319.6
3771,43430800.0
3772,10916580.0
3773,25067258.0
3774,9307768.0
3775,235677980.0
3776,69936680.0
3777,553894.56
3778,191525.73
3779,5701603.5
3780,316088.06
3781,24461182.0
3782,1680172.8
3783,5948160.5
3784,8214382.0
3785,335965400.0
3786,4042702.8
3787,243219980.0
3788,814679040.0
3789,81527.37
3790,73068.43
3791,4921487.0
3792,32136.658
3793,475276.6
3794,355169.62
3795,310841100.0
3796,35529970.0
3797,4843837.5
3798,19528544.0
3799,282204.06
3800,2472784.2
3801,90696610.0
3802,957974.3
3803,1903505.9
3804,36113.496
3805,79657.6
3806,51730816.0
3807,1068729.2
3808,92616.25
3809,70320430.0
3810,8788842.0
3811,4269200.0
3812,1626021.1
3813,357225.12
3814,1287594.2
3815,41780856.0
3816,146072540.0
3817,90739340.0
3818,47379416.0
3819,7193213.0
3820,69564700.0
3821,42467960.0
3822,11624718.0
3823,445039.0
3824,768783.2
3825,922971.25
3826,112004540.0
3827,46934104.0
3828,999321.4
3829,104926.08
3830,17612848.0
3831,7323.6465
3832,183366000.0
3833,56624570.0
3834,1379475.5
3835,558970.8
3836,8115376.0
3837,16097450.0
3838,11807375.0
3839,754656.6
3840,20467066.0
3841,1973108.0
3842,5349504.0
3843,25323638.0
3844,1500299.8
3845,35842.5
3846,223166.88
3847,263961.28
3848,2235807.2
3849,65206308.0
3850,1388205.5
3851,48559820.0
3852,6028909.0
3853,189826800.0
3854,12163.273
3855,1644717.5
3856,26202654.0
3857,303758660.0
3858,126775.89
3859,13303296.0
3860,66611456.0
3861,29652616.0
3862,2015079.2
3863,67336510.0
3864,15140511.0
3865,86506830.0
3866,3117625.0
3867,62329572.0
3868,9132825.0
3869,82334850.0
3870,44042852.0
3871,331705020.0
3872,7884663.5
3873,28307734.0
3874,1099779.0
3875,26345228.0
3876,11919.012
3877,17119966.0
3878,162047870.0
3879,684927700.0
3880,3676667.0
3881,9010.377
3882,15945393.0
3883,275950.34
3884,232361170.0
3885,5649944.0
3886,6078993.5
3887,7411612.5
3888,1304680.5
3889,16523.773
3890,84516610.0
3891,1225541.5
3892,3890188.0
3893,171224260.0
3894,51500150.0
3895,31470244.0
3896,44959344.0
3897,5439112.5
3898,10952807.0
3899,330216540.0
3900,21649716.0
3901,2470874.8
3902,83110.95
3903,1045165.6
3904,5458042.0
3905,17686910.0
3906,83443576.0
3907,585807.0
3908,1400845.0
3909,36725.48
3910,7934879.5
3911,677948.7
3912,4419576.5
3913,46056348.0
3914,16206354.0
3915,189220220.0
3916,144411.11
3917,5904833.0
3918,1337189.0
3919,55165356.0
3920,90700410.0
3921,31648.398
3922,16036864.0
3923,45144350.0
3924,13833187.0
3925,191124510.0
3926,4301174.0
3927,54228324.0
3928,240243380.0
3929,54171464.0
3930,12623.584
3931,3839721.2
3932,10291094.0
3933,70535096.0
3934,34545772.0
3935,2908.166
3936,573058.2
3937,179454480.0
3938,9518541.0
3939,70169704.0
3940,2099207.0
3941,10770728.0
3942,354770340.0
3943,652394400.0
3944,3651678.5
3945,19165226.0
3946,4029435.0
3947,56255970.0
3948,537876.4
3949,5749501.0
3950,418371.34
3951,2719593.5
3952,144059920.0
3953,20963542.0
3954,832709570.0
3955,10851582.0
3956,50120490.0
3957,4283592.5
3958,457635.12
3959,2812996.0
3960,654512.4
3961,45092720.0
3962,8671220.0
3963,14513960.0
3964,656312060.0
3965,48487170.0
3966,15869964.0
3967,274176130.0
3968,19149222.0
3969,134362.34
3970,33550224.0
3971,6129003.5
3972,26668286.0
3973,54132010.0
3974,1122056.5
3975,155937730.0
3976,89882040.0
3977,71186410.0
3978,270832030.0
3979,1034439.2
3980,920848.8
3981,1161762.1
3982,2231374.5
3983,7697029.5
3984,117787030.0
3985,13138231.0
3986,686476200.0
3987,55162096.0
3988,4704377.0
3989,27964068.0
3990,24860564.0
3991,361246.12
3992,37748.906
3993,13567440.0
3994,33438042.0
3995,44780650.0
3996,79828920.0
3997,4037994.2
3998,72198140.0
3999,2670728.0
4000,4337497.5
4001,1914566.0
4002,294695550.0
4003,96718.59
4004,85787640.0
4005,1266290.8
4006,6958277.0
4007,227187.69
4008,3049218.0
4009,22549744.0
4010,248068.2
4011,13225777.0
4012,132167570.0
4013,72435530.0
4014,5592236.5
4015,95751960.0
4016,11118331.0
4017,9249508.0
4018,54589776.0
4019,279846240.0
4020,1524117.9
4021,82166200.0
4022,1077330.2
4023,152471940.0
4024,9874750.0
4025,461485.34
4026,77448584.0
4027,43067428.0
4028,1711537.8
4029,142125.84
4030,8774613.0
4031,33468606.0
4032,112775.52
4033,282065.25
4034,2784899.2
4035,34724400.0
4036,490753.22
4037,6291407.5
4038,1887821.1
4039,18571004.0
4040,1346670.8
4041,980339.5
4042,93972690.0
4043,5355711.5
4044,97007130.0
4045,200240220.0
4046,4447787.5
4047,164662240.0
4048,2386065.8
4049,285.6378
4050,779343.75
4051,213229020.0
4052,14276628.0
4053,11333166.0
4054,979727.3
4055,9921495.0
4056,2043586.0
4057,830.66656
4058,24713720.0
4059,1876187.1
4060,60181764.0
4061,155781950.0
4062,37892070.0
4063,16793480.0
4064,532516480.0
4065,74519944.0
4066,461212.56
4067,18656530.0
4068,22940004.0
4069,12116994.0
4070,14314884.0
4071,2163184.2
4072,1571880.9
4073,218551820.0
4074,492.4014
4075,14094242.0
4076,41667612.0
4077,160470620.0
4078,2717294.0
4079,81119920.0
4080,6016933.0
4081,615757.6
4082,250770750.0
4083,11217188.0
4084,55674.99
4085,12764747.0
4086,81658904.0
4087,17007032.0
4088,38645770.0
4089,21437318.0
4090,5871550.5
4091,31892444.0
4092,87518370.0
4093,14798641.0
4094,4549028.0
4095,114232370.0
4096,99068080.0
4097,17903318.0
4098,3111746.5
4099,7715196.5
4100,10515788.0
4101,24118766.0
4102,2643281.0
4103,14867532.0
4104,2672376.5
4105,91329.17
4106,940442.2
4107,588508.8
4108,14412718.0
4109,1794949.2
4110,9255049.0
4111,1535075.9
4112,19591968.0
4113,4571455.5
4114,257167500.0
4115,792217.9
4116,37977090.0
4117,7280017.0
4118,41964868.0
4119,26139708.0
4120,694597.94
4121,6615572.0
4122,96379336.0
4123,2373560.5
4124,25653392.0
4125,16755885.0
4126,2978583.0
4127,1734145.5
4128,9886547.0
4129,457841.62
4130,10739097.0
4131,95434700.0
4132,80284720.0
4133,21348082.0
4134,2320773.5
4135,12534436.0
4136,487645060.0
4137,597676.2
4138,41745890.0
4139,6200789.0
4140,495826.4
4141,8043633.5
4142,36471532.0
4143,103068940.0
4144,3422017.2
4145,22037088.0
4146,702950.5
4147,107428.08
4148,13461344.0
4149,10493488.0
4150,147225.69
4151,1691657.4
4152,8801785.0
4153,13043101.0
4154,4630546.0
4155,15752441.0
4156,4633651.5
4157,939897.94
4158,12479212.0
4159,48672490.0
4160,364076100.0
4161,780218.4
4162,5743637.0
4163,199497620.0
4164,7413061.5
4165,3044615.5
4166,5831605.5
4167,12322326.0
4168,1039396.44
4169,2876630.0
4170,2600008.5
4171,175351260.0
4172,40639780.0
4173,134255.64
4174,4159159.2
4175,2674997.8
4176,7902587.5
4177,69875.51
4178,276814980.0
4179,2750785.2
4180,57412696.0
4181,30581640.0
4182,2263312.5
4183,83719530.0
4184,14986826.0
4185,7443225.0
4186,6543457.5
4187,7754765.0
4188,4792530.5
4189,927630.5
4190,18699.734
4191,782423.1
4192,12362.908
4193,283125540.0
4194,61759650.0
4195,7358298.0
4196,7923665.0
4197,9159341.0
4198,179012.03
4199,7654200.0
4200,66546944.0
4201,16676050.0
4202,42884800.0
4203,6805936.5
4204,46813496.0
4205,1985858.0
4206,20158942.0
4207,443651170.0
4208,503611330.0
4209,559308.9
4210,49871600.0
4211,57623776.0
4212,194487490.0
4213,2195465.0
4214,9196312.0
4215,4250423.5
4216,1459199.8
4217,134434.5
4218,35581920.0
4219,19165408.0
4220,5364590.5
4221,249803.86
4222,7902.481
4223,26156166.0
4224,1985956.5
4225,48628316.0
4226,15623983.0
4227,4210217.5
4228,2605.3535
4229,37904508.0
4230,17927922.0
4231,1281463.0
4232,84424.2
4233,52562300.0
4234,58099430.0
4235,46585.29
4236,610512.56
4237,475698.75
4238,21029460.0
4239,187833310.0
4240,187787090.0
4241,282930100.0
4242,17905504.0
4243,326254.3
4244,8545729.0
4245,2941571.8
4246,141748.45
4247,74084720.0
4248,2600960.8
4249,19836794.0
4250,16377229.0
4251,97650.52
4252,129646580.0
4253,68632136.0
4254,33197576.0
4255,22866352.0
4256,268845380.0
4257,96077230.0
4258,28444612.0
4259,35909.32
4260,187302750.0
4261,5256106.0
4262,461533.75
4263,891478.6
4264,337079040.0
4265,1745161.6
4266,5979773.0
4267,2718530.2
4268,6592376.5
4269,1428534.2
4270,706021600.0
4271,37516820.0
4272,1040828.8
4273,20388284.0
4274,50389452.0
4275,12476380.0
4276,2578402.5
4277,18130672.0
4278,11574782.0
4279,12108932.0
4280,5118137.5
4281,2059584.6
4282,53130690.0
4283,45541.938
4284,7976198.0
4285,52261.117
4286,321801400.0
4287,47085636.0
4288,48926960.0
4289,28873872.0
4290,141708050.0
4291,43809690.0
4292,1265689.5
4293,10865188.0
4294,78709950.0
4295,131177310.0
4296,45219670.0
4297,13256033.0
4298,633990.5
4299,3770456.5
4300,14577910.0
4301,117749.69
4302,1129581.8
4303,7340516.5
4304,19732716.0
4305,21935478.0
4306,28579044.0
4307,61838.65
4308,310113.0
4309,20419224.0
4310,710896.94
4311,312421.88
4312,233027360.0
4313,43385760.0
4314,5365015.0
4315,212421230.0
4316,351648450.0
4317,4414079.5
4318,29387814.0
4319,300134.4
4320,21395856.0
4321,47137304.0
4322,2888957.8
4323,2744912.5
4324,3306125.0
4325,1677455.9
4326,25615304.0
4327,70909280.0
4328,1819260.8
4329,356714.12
4330,393866660.0
4331,55068216.0
4332,60136324.0
4333,403538.47
4334,33421464.0
4335,111065950.0
4336,68314640.0
4337,36046.742
4338,161299460.0
4339,125303790.0
4340,3166412.5
4341,15139846.0
4342,7849004.5
4343,19069110.0
4344,2142393.2
4345,1011530.25
4346,21817020.0
4347,102767420.0
4348,108710.375
4349,116073770.0
4350,1168784.4
4351,147564270.0
4352,3740711.2
4353,188980740.0
4354,7817808.0
4355,17385884.0
4356,2539655.8
4357,53877690.0
4358,157601.55
4359,60150436.0
4360,42786348.0
4361,17774432.0
4362,2321032.5
4363,59385744.0
4364,52133664.0
4365,6810533.0
4366,1695729.4
4367,20564032.0
4368,74002810.0
4369,44826624.0
4370,104915730.0
4371,13627740.0
4372,20994552.0
4373,6411616.5
4374,42272064.0
4375,2914750.0
4376,8396.677
4377,56188624.0
4378,25551576.0
4379,76745250.0
4380,69323380.0
4381,59284110.0
4382,192985380.0
4383,242159490.0
4384,36128880.0
4385,485791.25
4386,57826584.0
4387,15798116.0
4388,36042430.0
4389,196355620.0
4390,6187940.5
4391,567988.3
4392,51107560.0
4393,56853130.0
4394,21589100.0
4395,2948675.0
4396,68798456.0
4397,90014490.0
4398,219094820.0
4399,3877239.5
4400,432718.6
4401,143824.52
4402,7301202.5
4403,17815534.0
4404,51477760.0
4405,13756279.0
4406,133319.52
4407,3818723.2
4408,734266.75
4409,11717434.0
4410,2381787.0
4411,1566831.2
4412,41825268.0
4413,38375750.0
4414,1169338.5
4415,3141453.5
4416,22012.068
4417,112505340.0
4418,192912.88
4419,30396712.0
4420,605304960.0
4421,1719892.2
4422,8350171.5
4423,15168346.0
4424,242.81923
4425,8128737.5
4426,69089070.0
4427,64731456.0
4428,510443.8
4429,1706877.5
4430,69171.3
4431,10617.24
4432,154560510.0
4433,227898620.0
4434,217364930.0
4435,7038809.0
4436,14534044.0
4437,8976600.0
4438,293701.47
4439,1445260.2
4440,1623876.4
4441,20433366.0
4442,3259801.5
4443,20877.316
4444,1855096.5
4445,4327345.5
4446,117759.8
4447,84957340.0
4448,24876.484
4449,1442674.1
4450,119375660.0
4451,534520130.0
4452,7202637.5
4453,259444.5
4454,254085.2
4455,2625453.5
4456,50684024.0
4457,772745.1
4458,677833.0
4459,8745115.0
4460,27449412.0
4461,65949400.0
4462,26919724.0
4463,530177.6
4464,69012160.0
4465,14822342.0
4466,109525.51
4467,10025626.0
4468,419180.88
4469,13950992.0
4470,30968992.0
4471,4461.725
4472,54490016.0
4473,1766181.0
4474,6564559.0
4475,1345792.6
4476,22857.426
4477,4727620.0
4478,181893.0
4479,2067900.0
4480,78422380.0
4481,8135795.0
4482,5661281.0
4483,6871645.0
4484,2948672.0
4485,11435046.0
4486,8708803.0
4487,9264958.0
4488,28318426.0
4489,18556452.0
4490,2886559.0
4491,72680760.0
4492,24066840.0
4493,1435744.2
4494,10747764.0
4495,16580553.0
4496,80776390.0
4497,3336526.2
4498,29416472.0
4499,644178.3
4500,147296290.0
4501,61814684.0
4502,13652012.0
4503,235571020.0
4504,2186668.0
4505,181408.11
4506,91228024.0
4507,1313674.9
4508,61201.43
4509,1278694.2
4510,3555763.8
4511,140768420.0
4512,3438.993
4513,50808496.0
4514,920901.5
4515,361682000.0
4516,4404408.0
4517,2979390.0
4518,198228100.0
4519,56535640.0
4520,2754014.0
4521,32269736.0
4522,24907788.0
4523,39278988.0
4524,682345.8
4525,518421.3
4526,1941349.1
4527,17315824.0
4528,5373484.5
4529,4060155.2
4530,3722874.0
4531,11239610.0
4532,5526484.0
4533,38386660.0
4534,239788.33
4535,103157640.0
4536,3495372.5
4537,6013433.5
4538,32930498.0
4539,914301.6
4540,94819440.0
4541,8165566.0
4542,18536818.0
4543,134378780.0
4544,4942422.5
4545,143193.44
4546,75878.75
4547,670930.9
4548,599408.0
4549,246593.05
4550,1310009.2
4551,868751100.0
4552,55647890.0
4553,1472447.8
4554,368677000.0
4555,9310.493
4556,36119236.0
4557,39160796.0
4558,1504533.8
4559,25699868.0
4560,102657520.0
4561,42307556.0
4562,345081.3
4563,153532740.0
4564,470188.97
4565,1756286.2
4566,3872066.5
4567,26837286.0
4568,6992696.5
4569,6057205.5
4570,7197357.5
4571,7038601.0
4572,8506650.0
4573,26219802.0
4574,68940.01
4575,5386578.5
4576,4780511.5
4577,3106557.5
4578,57098948.0
4579,4216176.0
4580,138060980.0
4581,2381151.0
4582,54981948.0
4583,248684020.0
4584,5023041.5
4585,108589580.0
4586,219923.53
4587,2919008.8
4588,293401120.0
4589,2264031.2
4590,563966340.0
4591,43020630.0
4592,98688.79
4593,29294.68
4594,23032204.0
4595,405154240.0
4596,620457600.0
4597,11589230.0
4598,24591230.0
4599,8342626.0
4600,2225349.8
4601,63069584.0
4602,14894865.0
4603,10590020.0
4604,45458090.0
4605,245814900.0
4606,139500160.0
4607,17076298.0
4608,2072921.1
4609,32368552.0
4610,99724790.0
4611,40707892.0
4612,9579666.0
4613,36911372.0
4614,1775750.5
4615,594505.75
4616,143727.16
4617,25709282.0
4618,252053.55
4619,10942513.0
4620,3903466.5
4621,249765940.0
4622,1944883.0
4623,21825718.0
4624,692.9745
4625,10138969.0
4626,2863664.0
4627,28010188.0
4628,2495789.0
4629,215175.3
4630,11913630.0
4631,911588.6
4632,12995473.0
4633,926590.7
4634,858039.0
4635,209891.47
4636,119549300.0
4637,1304658.1
4638,6428429.0
4639,561785.56
4640,46453444.0
4641,1129574.2
4642,5319108.0
4643,12234831.0
4644,835456.3
4645,21568.824
4646,601057400.0
4647,546441.56
4648,279404.8
4649,234794540.0
4650,63987440.0
4651,53083180.0
4652,185381020.0
4653,529446.5
4654,88913370.0
4655,17058036.0
4656,3519298.2
4657,3587731.5
4658,5076918.0
4659,3593566.5
4660,4052179.0
4661,4221648.0
4662,3975572.8
4663,10515467.0
4664,2106181.5
4665,16848406.0
4666,7065077.5
4667,338459000.0
4668,1311151.6
4669,9682277.0
4670,24795164.0
4671,115882.46
4672,399417.94
4673,7007737.0
4674,2608534.8
4675,7997426.0
4676,1285270.6
4677,51410.94
4678,422705.12
4679,389105.62
4680,55932.57
4681,14495922.0
4682,988444.06
4683,983420.25
4684,4808366.0
4685,32428802.0
4686,1482941.0
4687,5138282.0
4688,145736370.0
4689,2481764.2
4690,75978560.0
4691,9224912.0
4692,6598584.5
4693,613508.5
4694,2844193.0
4695,3485852.0
4696,2137530.0
4697,93065850.0
4698,9326997.0
4699,7872011.0
4700,90432490.0
4701,165928060.0
4702,12404199.0
4703,16255391.0
4704,42229436.0
4705,30418462.0
4706,24007742.0
4707,169833.97
4708,8175056.5
4709,6549.5977
4710,265697020.0
4711,5263128.5
4712,591396.2
4713,236110370.0
4714,9153752.0
4715,483689.72
4716,961756.75
4717,6712591.5
4718,7140264.0
4719,91588750.0
4720,450039.88
4721,2726509.0
4722,32751600.0
4723,433753.16
4724,172908510.0
4725,2833972.0
4726,3184215.2
4727,18204028.0
4728,13290413.0
4729,79573070.0
4730,227478.4
4731,35819564.0
4732,302295780.0
4733,202242.75
4734,131126024.0
4735,15738746.0
4736,19034224.0
4737,112954080.0
4738,665747.7
4739,67496480.0
4740,436439070.0
4741,5173542.0
4742,224887650.0
4743,77967.71
4744,960149.3
4745,245001840.0
4746,82800056.0
4747,6498792.5
4748,124643040.0
4749,1787874.8
4750,13486426.0
4751,51475304.0
4752,4765681.0
4753,23989570.0
4754,495578560.0
4755,18240662.0
4756,45953508.0
4757,149811470.0
4758,58211690.0
4759,231370100.0
4760,7851.6475
4761,14956471.0
4762,2318665.2
4763,495327.3
4764,617322400.0
4765,8245470.5
4766,123949350.0
4767,38157812.0
4768,89008380.0
4769,20932856.0
4770,53350744.0
4771,48715580.0
4772,9693401.0
4773,26935542.0
4774,4185432.5
4775,3293191.8
4776,997236.4
4777,174957040.0
4778,27159540.0
4779,4454490.5
4780,129841330.0
4781,867772.5
4782,6530098.0
4783,1654812.0
4784,7782896.5
4785,40435732.0
4786,63504020.0
4787,33557776.0
4788,36897084.0
4789,3539267.2
4790,39340920.0
4791,6122455.0
4792,7613751.0
4793,8644023.0
4794,1007637.56
4795,6702996.0
4796,3819277.0
4797,481204160.0
4798,81114660.0
4799,3003359.0
4800,39679056.0
4801,607753.25
4802,27717674.0
4803,1117518.9
4804,1002853.8
4805,214503.27
4806,139766.08
4807,1607180.1
4808,526094.9
4809,93256860.0
4810,77169.664
4811,4556943.5
4812,145049740.0
4813,85308740.0
4814,241056.28
4815,18894530.0
4816,10053238.0
4817,10614833.0
4818,14838239.0
4819,1500281.1
4820,22784070.0
4821,910372.4
4822,1986.3944
4823,2100014.0
4824,15193363.0
4825,35320240.0
4826,15917801.0
4827,101928210.0
4828,14317423.0
4829,12751655.0
4830,8485106.0
4831,78560110.0
4832,1076112.4
4833,2533535.5
4834,506810.7
4835,49274690.0
4836,3885979.5
4837,210223740.0
4838,47647850.0
4839,1090.3098
4840,630927170.0
4841,77652.93
4842,11319643.0
4843,73852780.0
4844,1125070.6
4845,18944726.0
4846,3382552.8
4847,532517470.0
4848,22984808.0
4849,218430140.0
4850,20342604.0
4851,25553.266
4852,1823499.1
4853,17842808.0
4854,32263028.0
4855,74149896.0
4856,5445164.0
4857,81533310.0
4858,11613659.0
4859,604327.6
4860,274727330.0
4861,108786320.0
4862,196905060.0
4863,207885550.0
4864,32317164.0
4865,15475541.0
4866,19007704.0
4867,99639230.0
4868,2474794.2
4869,502955.38
4870,12715079.0
4871,7717389.5
4872,988438.4
4873,7468403.0
4874,75596650.0
4875,1442670.0
4876,21077206.0
4877,26096468.0
4878,5132165.0
4879,28363238.0
4880,3159577.0
4881,8468324.0
4882,4608118.5
4883,86982010.0
4884,92802264.0
4885,3795798.0
4886,5643568.0
4887,609821.25
4888,2407108.8
4889,848740.75
4890,68570376.0
4891,6965.7666
4892,3036864.0
4893,46077084.0
4894,3373645.0
4895,11799833.0
4896,27150840.0
4897,6391196.0
4898,176977180.0
4899,64353400.0
4900,239884380.0
4901,49321140.0
4902,619943.44
4903,885497.3
4904,180598240.0
4905,8788582.0
4906,215143.69
4907,948846200.0
4908,17838962.0
4909,111783864.0
4910,32671240.0
4911,17198350.0
4912,94397730.0
4913,1808658.1
4914,15139875.0
4915,74745860.0
4916,9851422.0
4917,7327451.0
4918,301205700.0
4919,29094340.0
4920,19196030.0
4921,35839724.0
4922,10366706.0
4923,1243733.9
4924,141732910.0
4925,129290480.0
4926,189110.5
4927,25541878.0
4928,9685824.0
4929,9313646.0
4930,2139575.5
4931,5060125.5
4932,1101309.2
4933,152643900.0
4934,184536.06
4935,751024450.0
4936,2784801.0
4937,181162.95
4938,20403728.0
4939,603956.6
4940,9027922.0
4941,17324876.0
4942,1397353.2
4943,111413280.0
4944,113382980.0
4945,301691.8
4946,4288019.0
4947,296656.7
4948,6950968.0
4949,13410832.0
4950,14142445.0
4951,4293788.5
4952,6107339.0
4953,125732570.0
4954,17359840.0
4955,9698894.0
4956,15777067.0
4957,67285670.0
4958,22031666.0
4959,8249427.0
4960,2811585.2
4961,100195910.0
4962,519223.88
4963,8984136.0
4964,4153621.8
4965,719386.56
4966,3916741.5
4967,35041700.0
4968,15066044.0
4969,39720.17
4970,692336.1
4971,100289980.0
4972,3952425.8
4973,967759.25
4974,70954200.0
4975,1226731.9
4976,2169545.5
4977,22214800.0
4978,1092168.9
4979,4572393.0
4980,8986159.0
4981,11012655.0
4982,53962020.0
4983,550.5835
4984,20384240.0
4985,405179000.0
4986,55581.83
4987,248712.53
4988,7248351.0
4989,56567464.0
4990,1439307.2
4991,21642820.0
4992,109961430.0
4993,7651835.5
4994,71320540.0
4995,215655.4
4996,20757996.0
4997,67800856.0
4998,11091558.0
4999,37794776.0
5000,122962490.0
5001,239312690.0
5002,244799580.0
5003,55473876.0
5004,17088744.0
5005,14148056.0
5006,157372240.0
5007,61680892.0
5008,159392290.0
5009,24487650.0
5010,2505153.5
5011,3250863.5
5012,15224896.0
5013,2303174.5
5014,75561910.0
5015,30114866.0
5016,63321384.0
5017,419124.5
5018,40024524.0
5019,78484184.0
5020,3547242.0
5021,192281.4
5022,52495870.0
5023,1780872.2
5024,74071300.0
5025,1728635.5
5026,41969510.0
5027,8908697.0
5028,44344620.0
5029,43098572.0
5030,18649236.0
5031,5959903.0
5032,196196140.0
5033,5611469.0
5034,3103312.2
5035,116087.42
5036,7237782.5
5037,7780507.0
5038,184731200.0
5039,802668.5
5040,86557010.0
5041,26252480.0
5042,471979.28
5043,10770769.0
5044,193706720.0
5045,2002664.8
5046,7164397.0
5047,96257.4
5048,2968057.5
5049,75904830.0
5050,730860.94
5051,204829730.0
5052,95791416.0
5053,10808574.0
5054,21754276.0
5055,23555742.0
5056,10165265.0
5057,24738950.0
5058,2883257.5
5059,16072722.0
5060,97212350.0
5061,14020723.0
5062,394681.0
5063,443949.16
5064,16786978.0
5065,1741291.5
5066,2498759.0
5067,23923086.0
5068,26053050.0
5069,81955530.0
5070,4953280.0
5071,76472296.0
5072,66518390.0
5073,5152035.5
5074,6925837.0
5075,368649.4
5076,15379995.0
5077,85487090.0
5078,1377372.2
5079,2349295.0
5080,46171216.0
5081,47130024.0
5082,9189071.0
5083,7600.7397
5084,7701677.5
5085,538893.0
5086,8198971.5
5087,391610.3
5088,3923021.8
5089,4299800.0
5090,3968898.0
5091,16870370.0
5092,6250561.0
5093,30303860.0
5094,22949194.0
5095,97090056.0
5096,15989096.0
5097,1457578.0
5098,2342518.2
5099,5248863.0
5100,4517739.5
5101,46560.508
5102,41160.805
5103,146294.52
5104,25541780.0
5105,4577458.5
5106,10643702.0
5107,2150608.0
5108,13666602.0
5109,340522.12
5110,103526030.0
5111,68322070.0
5112,3263353.5
5113,139156.27
5114,5395195.0
5115,1826525.8
5116,5803217.0
5117,148656690.0
5118,10611695.0
5119,2304.154
5120,288560.72
5121,75152270.0
5122,30219762.0
5123,2759819.2
5124,980094.6
5125,11104513.0
5126,2463862.8
5127,42006108.0
5128,15353.224
5129,564229.7
5130,26841944.0
5131,13865731.0
5132,25765342.0
5133,88819976.0
5134,195484200.0
5135,131071770.0
5136,3693208.5
5137,53792464.0
5138,15175117.0
5139,96949600.0
5140,177688830.0
5141,19012526.0
5142,111832060.0
5143,42047710.0
5144,54760176.0
5145,18056922.0
5146,88333.03
5147,1259170.1
5148,26602548.0
5149,493808.56
5150,239959890.0
5151,384672320.0
5152,87390760.0
5153,2343074.8
5154,36759124.0
5155,371330.7
5156,658294140.0
5157,4811967.0
5158,516041.78
5159,49064240.0
5160,2952915.8
5161,1477507.5
5162,108805620.0
5163,77987420.0
5164,804786.4
5165,83745720.0
5166,130821750.0
5167,4729618.0
5168,7768933.0
5169,1992415.9
5170,12340413.0
5171,75528910.0
5172,26603054.0
5173,53779640.0
5174,107285800.0
5175,1082448.6
5176,8726611.0
5177,103432090.0
5178,413468400.0
5179,1541976.4
5180,8534530.0
5181,23797.307
5182,30298196.0
5183,4999638.0
5184,18145998.0
5185,3713792.5
5186,3993287.8
5187,2947350.8
5188,1344388.0
5189,16143941.0
5190,306555900.0
5191,18935768.0
5192,48583816.0
5193,75687544.0
5194,50291224.0
5195,115859656.0
5196,21912856.0
5197,32319136.0
5198,16206972.0
5199,3134035.5
5200,9805868.0
5201,6502121.5
5202,101373.516
5203,720230.9
5204,495251.25
5205,779661.25
5206,22761352.0
5207,1041000.5
5208,2767847.8
5209,81336670.0
5210,8115802.0
5211,18371352.0
5212,14393734.0
5213,59763216.0
5214,1816.0518
5215,5102196.5
5216,15934721.0
5217,84232.08
5218,11165658.0
5219,2270219.2
5220,73492210.0
5221,1042383.4
5222,1393276.0
5223,125893100.0
5224,562.2567
5225,620403.0
5226,2358172.8
5227,218339.25
5228,9127148.0
5229,161083940.0
5230,9985283.0
5231,1290087.0
5232,1432168.1
5233,237745.58
5234,23901604.0
5235,16550726.0
5236,115101736.0
5237,102173656.0
5238,2093491.2
5239,38458040.0
5240,74262984.0
5241,18787906.0
5242,7076197.0
5243,2892985.8
5244,44344704.0
5245,1096791.8
5246,5451846.5
5247,46584316.0
5248,455773.2
5249,16165788.0
5250,165266350.0
5251,1650928.0
5252,32872.97
5253,711675.7
5254,266223.7
5255,69922810.0
5256,35340524.0
5257,3222296.8
5258,3092213.0
5259,128110490.0
5260,13773948.0
5261,30984472.0
5262,8164351.5
5263,70536300.0
5264,434189.38
5265,1218377.0
5266,17878510.0
5267,2559945.8
5268,1673847.5
5269,29111160.0
5270,35778120.0
5271,3624069.5
5272,36717150.0
5273,257691.48
5274,5424142.5
5275,24583586.0
5276,6973849.0
5277,181197.5
5278,2884033.0
5279,2519132.8
5280,4249276.5
5281,4944289.0
5282,5620123.5
5283,3212499.5
5284,18409726.0
5285,14680509.0
5286,6937518.0
5287,2774174.2
5288,1517740.2
5289,94717496.0
5290,164208400.0
5291,121275220.0
5292,64029804.0
5293,184718880.0
5294,177146.62
5295,799154940.0
5296,971736.0
5297,84860020.0
5298,64102756.0
5299,510423.84
5300,1529289.5
5301,16164400.0
5302,77944450.0
5303,1113020.9
5304,2762910.8
5305,2107405.0
5306,67401410.0
5307,273018140.0
5308,444810.3
5309,152348.47
5310,97155630.0
5311,2374785.2
5312,116568080.0
5313,455714020.0
5314,26032536.0
5315,915979.0
5316,2644841.8
5317,2653330.5
5318,74115.98
5319,1695829.6
5320,8508727.0
5321,22794502.0
5322,393002.06
5323,95886660.0
5324,3768709.2
5325,2603134.5
5326,5813941.0
5327,36148110.0
5328,398588.78
5329,874338.4
5330,106665930.0
5331,6869017.5
5332,162812.78
5333,47224056.0
5334,11109428.0
5335,2095766.5
5336,3719875.2
5337,640724.0
5338,24879964.0
5339,14627766.0
5340,1877271.8
5341,147259490.0
5342,151235200.0
5343,13418074.0
5344,78667020.0
5345,1377248.8
5346,51527370.0
5347,319298.38
5348,630738.75
5349,22860.348
5350,109262.29
5351,36480508.0
5352,791927.0
5353,58236784.0
5354,133060450.0
5355,78527304.0
5356,17922144.0
5357,704893.3
5358,122978440.0
5359,16191894.0
5360,71643130.0
5361,167594.45
5362,158548.42
5363,19492150.0
5364,66317.32
5365,43069236.0
5366,66385812.0
5367,85385080.0
5368,4881851.5
5369,315932500.0
5370,1141423.1
5371,11242290.0
5372,98162040.0
5373,15832474.0
5374,91589970.0
5375,139107980.0
5376,92884430.0
5377,28692048.0
5378,763443.8
5379,13373054.0
5380,18574016.0
5381,140561550.0
5382,49944896.0
5383,56948.254
5384,317835200.0
5385,48981024.0
5386,4675528.5
5387,1462141.8
5388,181084940.0
5389,24367768.0
5390,12228.832
5391,75319736.0
5392,1555931.4
5393,424612.56
5394,70210136.0
5395,18076116.0
5396,297586400.0
5397,4226119.0
5398,10971772.0
5399,108664.67
5400,885006.0
5401,106397500.0
5402,41619636.0
5403,11491894.0
5404,168528.7
5405,82286960.0
5406,417955.0
5407,123008460.0
5408,564173950.0
5409,47069204.0
5410,998254.56
5411,13583468.0
5412,73970.23
5413,2638815.2
5414,173273980.0
5415,66505452.0
5416,7083563.0
5417,173997950.0
5418,107328.84
5419,107618.19
5420,51231220.0
5421,63093890.0
5422,74454300.0
5423,223837070.0
5424,187299890.0
5425,6592917.0
5426,7385203.0
5427,5929442.0
5428,1211904.8
5429,27584558.0
5430,107907624.0
5431,14216359.0
5432,95447630.0
5433,4590267.0
5434,45165796.0
5435,27964120.0
5436,4898902.5
5437,35133384.0
5438,6656848.0
5439,4157553.0
5440,10857627.0
5441,1134743.9
5442,123156370.0
5443,68249520.0
5444,36372332.0
5445,23942120.0
5446,106633784.0
5447,1945743.8
5448,3423345.8
5449,40363148.0
5450,4688048.0
5451,12383586.0
5452,1220869.5
5453,174335460.0
5454,58593210.0
5455,35610908.0
5456,1636497.1
5457,12203508.0
5458,5187222.0
5459,5683926.5
5460,61937.57
5461,27153.217
5462,529121.94
5463,802409700.0
5464,274723.8
5465,20071734.0
5466,19221566.0
5467,18387268.0
5468,61038496.0
5469,67303.055
5470,154569060.0
5471,92235460.0
5472,68318680.0
5473,7350001.5
5474,10149959.0
5475,14523292.0
5476,3844173.0
5477,1338660.2
5478,84851920.0
5479,65322076.0
5480,5964748.0
5481,2196489.0
5482,42701150.0
5483,14714345.0
5484,108632056.0
5485,4892119.0
5486,7530102.0
5487,402701220.0
5488,28643984.0
5489,19233264.0
5490,664619.8
5491,9865563.0
5492,34149424.0
5493,3516785.2
5494,72096.51
5495,9425752.0
5496,2882941.2
5497,36049100.0
5498,280723.97
5499,87259840.0
5500,71102000.0
5501,1036660.25
5502,5348958.0
5503,1434478.2
5504,13761895.0
5505,271828.9
5506,222619780.0
5507,19212366.0
5508,111679224.0
5509,262452830.0
5510,7897562.0
5511,331247.38
5512,113085790.0
5513,3410819.0
5514,22492356.0
5515,409037.3
5516,1538449.6
5517,245943860.0
5518,13868164.0
5519,124356180.0
5520,1333.1423
5521,26265150.0
5522,96589.92
5523,293460450.0
5524,338658560.0
5525,17318500.0
5526,5112634.5
5527,215218.81
5528,95333010.0
5529,346328.22
5530,183310050.0
5531,1547373.9
5532,18039848.0
5533,77715980.0
5534,297994780.0
5535,415852.56
5536,2017215.4
5537,3169826.5
5538,14888617.0
5539,194664880.0
5540,14087201.0
5541,195065920.0
5542,379162.28
5543,2466451.0
5544,106085040.0
5545,115473.28
5546,3030785.2
5547,21452698.0
5548,15382811.0
5549,31213432.0
5550,43261810.0
5551,3912657.2
5552,20362790.0
5553,16401080.0
5554,1778209.5
5555,13730302.0
5556,280937.44
5557,1646498.8
5558,796130400.0
5559,2682976.5
5560,2374146.8
5561,3640277.0
5562,49090920.0
5563,636798.5
5564,3198001.2
5565,15785586.0
5566,3640745.8
5567,634587.5
5568,9768570.0
5569,82157896.0
5570,36793144.0
5571,76338080.0
5572,28551.113
5573,114052980.0
5574,2341399.5
5575,160252850.0
5576,43741056.0
5577,38553000.0
5578,16469481.0
5579,14046151.0
5580,13064713.0
5581,19962806.0
5582,32636610.0
5583,58368896.0
5584,19781480.0
5585,15368969.0
5586,385181.34
5587,6585163.0
5588,273255700.0
5589,22783504.0
5590,516154.5
5591,2902619.5
5592,259603.14
5593,1611505.1
5594,2560087.2
5595,63672484.0
5596,147478740.0
5597,716734.4
5598,2393023.0
5599,13914824.0
5600,7495932.0
5601,41045484.0
5602,227350720.0
5603,2936563.0
5604,3224774.5
5605,173106180.0
5606,64165140.0
5607,27475340.0
5608,61773310.0
5609,32268752.0
5610,25699036.0
5611,50086370.0
5612,978226700.0
5613,18160678.0
5614,4884641.0
5615,26800252.0
5616,4019839.5
5617,295908800.0
5618,45332800.0
5619,45021904.0
5620,1498436.5
5621,30007360.0
5622,7708989.0
5623,8843914.0
5624,259527310.0
5625,2234430.2
5626,574144.56
5627,113259990.0
5628,9148760.0
5629,130334104.0
5630,33910240.0
5631,51220276.0
5632,34940852.0
5633,14139424.0
5634,839456.8
5635,61941790.0
5636,1678111.9
5637,1306805.0
5638,103845230.0
5639,823957.75
5640,42371.42
5641,34525484.0
5642,12751364.0
5643,3922352.2
5644,789124740.0
5645,152129740.0
5646,9439299.0
5647,15106732.0
5648,53069310.0
5649,855317.56
5650,52021520.0
5651,59885310.0
5652,53416.305
5653,85627760.0
5654,104196600.0
5655,20999440.0
5656,1164068400.0
5657,215244.25
5658,8737154.0
5659,41951344.0
5660,99118740.0
5661,18448990.0
5662,629131900.0
5663,2152518.2
5664,3830113.8
5665,118575976.0
5666,5025907.0
5667,45027056.0
5668,2302728.5
5669,3683050.5
5670,284401800.0
5671,21161636.0
5672,3541273.0
5673,6317260.0
5674,2297249.2
5675,335396.94
5676,1083892.8
5677,90423000.0
5678,57801000.0
5679,539910.0
5680,12315536.0
5681,71387230.0
5682,592713.5
5683,702776960.0
5684,73092400.0
5685,22088554.0
5686,3698996.2
5687,19271528.0
5688,6880904.5
5689,21472470.0
5690,2283863.0
5691,22671100.0
5692,397744000.0
5693,33978612.0
5694,65382532.0
5695,475411.22
5696,38560796.0
5697,179199.58
5698,612184.7
5699,3219962.0
5700,66129776.0
5701,12933308.0
5702,36863740.0
5703,58016710.0
5704,5882648.0
5705,25281312.0
5706,192617.27
5707,13293126.0
5708,18501.72
5709,19275756.0
5710,321934.97
5711,2765072.2
5712,82582870.0
5713,4202663.5
5714,1350929.8
5715,5789701.0
5716,144407.95
5717,9841281.0
5718,6799650.0
5719,10879788.0
5720,1978793.2
5721,28794458.0
5722,101139.24
5723,84373096.0
5724,907909.1
5725,395145.0
5726,53508292.0
5727,108522910.0
5728,11153802.0
5729,154526030.0
5730,4077477.0
5731,82121.836
5732,27520760.0
5733,2132165.2
5734,12227786.0
5735,572038.2
5736,16526059.0
5737,28329608.0
5738,39858068.0
5739,3522290.0
5740,55237480.0
5741,38596780.0
5742,35897396.0
5743,4125505.8
5744,313569.9
5745,981367.5
5746,13439845.0
5747,2260730.2
5748,58444310.0
5749,49417000.0
5750,32569886.0
5751,52633530.0
5752,2874858.5
5753,192673860.0
5754,11877056.0
5755,41939904.0
5756,39993924.0
5757,10662864.0
5758,71351.82
5759,5590578.0
5760,464378.38
5761,284718.4
5762,239747620.0
5763,62831250.0
5764,12378720.0
5765,35355692.0
5766,27015448.0
5767,54658332.0
5768,175566450.0
5769,300320540.0
5770,712035.5
5771,53317476.0
5772,45181652.0
5773,115185190.0
5774,35736380.0
5775,55727124.0
5776,935398.25
5777,137672590.0
5778,133935600.0
5779,163192400.0
5780,4204187.0
5781,38490476.0
5782,11819588.0
5783,174657300.0
5784,287331.84
5785,79263900.0
5786,14604293.0
5787,107900830.0
5788,166669.67
5789,21133644.0
5790,40073108.0
5791,153955300.0
5792,9967434.0
5793,14330865.0
5794,51972428.0
5795,55118656.0
5796,32006400.0
5797,63421828.0
5798,62867.258
5799,115147850.0
5800,139888.62
5801,8567868.0
5802,29829.299
5803,2592498.8
5804,496462180.0
5805,9044347.0
5806,56756810.0
5807,31387160.0
5808,37131756.0
5809,143873.34
5810,97069.375
5811,1151094.2
5812,60930900.0
5813,132458800.0
5814,1049464.4
5815,4002831.2
5816,8419677.0
5817,837414.6
5818,12290122.0
5819,4171087.8
5820,9537405.0
5821,69713.56
5822,46747.6
5823,15562091.0
5824,17944446.0
5825,3247253.5
5826,5249353.5
5827,3391817.2
5828,209021470.0
5829,1784588.8
5830,23481456.0
5831,62018990.0
5832,78997220.0
5833,13677138.0
5834,10785982.0
5835,33157.1
5836,39359536.0
5837,50017348.0
5838,1093681.2
5839,33347664.0
5840,2490.9893
5841,29054856.0
5842,11145636.0
5843,32054908.0
5844,895252.0
5845,6331162.0
5846,823405.5
5847,30215324.0
5848,51714836.0
5849,132309.62
5850,29579746.0
5851,8328595.0
5852,6341368.0
5853,19458792.0
5854,30445974.0
5855,93797380.0
5856,2433340.0
5857,706331400.0
5858,1884610.2
5859,24712636.0
5860,152047070.0
5861,202607.6
5862,5948705.0
5863,105752910.0
5864,521889100.0
5865,4708416.5
5866,2847384.5
5867,1053426.2
5868,24987252.0
5869,490406.1
5870,202570.12
5871,30584264.0
5872,94003170.0
5873,1647640.8
5874,794086.2
5875,8686242.0
5876,78158070.0
5877,934529.8
5878,73220910.0
5879,785816.6
5880,89749100.0
5881,105642030.0
5882,281766340.0
5883,9771571.0
5884,18612174.0
5885,888878.25
5886,1909660.8
5887,1746603.5
5888,7642748.5
5889,7714674.0
5890,35448404.0
5891,67972820.0
5892,3849301.5
5893,60187.56
5894,54185828.0
5895,19377348.0
5896,35340590.0
5897,1032380.4
5898,18763732.0
5899,43366.656
5900,12282646.0
5901,89044.695
5902,22206200.0
5903,73642350.0
5904,58505880.0
5905,39641230.0
5906,23553720.0
5907,184341.17
5908,17088712.0
5909,28018044.0
5910,290954.03
5911,6704249.0
5912,45532976.0
5913,45290710.0
5914,30165628.0
5915,3425053.8
5916,42848010.0
5917,259500580.0
5918,75774790.0
5919,36183570.0
5920,2742461.0
5921,20898548.0
5922,4805798.5
5923,9170266.0
5924,21781802.0
5925,324413800.0
5926,71306.92
5927,983734.5
5928,12710908.0
5929,9926454.0
5930,65906520.0
5931,14848828.0
5932,115618.19
5933,1853757.8
5934,41231920.0
5935,282901000.0
5936,87002750.0
5937,55724.285
5938,639601.25
5939,34747788.0
5940,79842320.0
5941,7316704.5
5942,64146420.0
5943,4062053.0
5944,18256916.0
5945,9201225.0
5946,308308.9
5947,153430.66
5948,168057620.0
5949,2863620.2
5950,132332790.0
5951,18178630.0
5952,1101882.9
5953,169441300.0
5954,11826037.0
5955,28163832.0
5956,119936420.0
5957,97539420.0
5958,24908644.0
5959,1085761.2
5960,521963.44
5961,1103653.9
5962,7100648.0
5963,52449230.0
5964,45552000.0
5965,20762112.0
5966,31489758.0
5967,321359780.0
5968,76707340.0
5969,42627588.0
5970,9996259.0
5971,2722518.0
5972,10658716.0
5973,74242584.0
5974,220088.44
5975,6904213.0
5976,665566.75
5977,978143.94
5978,953787100.0
5979,1545416.9
5980,113459120.0
5981,3614174.2
5982,214596670.0
5983,836334.8
5984,81374060.0
5985,83838740.0
5986,122826.99
5987,6212651.0
5988,51962710.0
5989,43497.59
5990,70178410.0
5991,5346668.0
5992,14821381.0
5993,22846036.0
5994,1913357.8
5995,18243202.0
5996,53253040.0
5997,9831788.0
5998,255047970.0
5999,759644.0
6000,2941712.0
6001,676192.4
6002,368618.12
6003,225906110.0
6004,38614820.0
6005,1747525.0
6006,4159762.2
6007,1158650.8
6008,2194828.5
6009,79345590.0
6010,71752260.0
6011,11113603.0
6012,9711278.0
6013,266320080.0
6014,3130218.0
6015,1643971.1
6016,9534150.0
6017,128811.766
6018,14176068.0
6019,1510698.9
6020,231204.62
6021,3995775.2
6022,4505086.0
6023,679889.8
6024,494216.56
6025,1138101.4
6026,131293460.0
6027,5782809.0
6028,234219330.0
6029,1003454.56
6030,355352060.0
6031,43144796.0
6032,2146.5007
6033,9646149.0
6034,70992.22
6035,310177800.0
6036,320568.56
6037,59937.758
6038,2616.3706
6039,363910.0
6040,33464394.0
6041,337295140.0
6042,3053.0862
6043,40558160.0
6044,178070.44
6045,22878044.0
6046,4083.5007
6047,2833993.5
6048,1306025.0
6049,1860619.2
6050,40539.543
6051,229722.39
6052,24031428.0
6053,59527.94
6054,504182.88
6055,2008950.5
6056,33075342.0
6057,1308155.4
6058,17783690.0
6059,83842100.0
6060,11017130.0
6061,10165691.0
6062,251519.03
6063,75805580.0
6064,348968.62
6065,27468422.0
6066,21485006.0
6067,37011200.0
6068,23853.887
6069,116047200.0
6070,81535950.0
6071,1240820.6
6072,4076893.8
6073,14408732.0
6074,491892.3
6075,48715.25
6076,26618688.0
6077,847500.0
6078,80651840.0
6079,233041580.0
6080,145173.62
6081,142025.98
6082,1339933.6
6083,127255430.0
6084,18721120.0
6085,7242850.5
6086,2458415.0
6087,29925512.0
6088,2751118.5
6089,1700224.6
6090,152144830.0
6091,37159.11
6092,980149.75
6093,10113166.0
6094,128098760.0
6095,117493760.0
6096,528595.4
6097,16233176.0
6098,8139279.5
6099,57425400.0
6100,8918405.0
6101,127668730.0
6102,79206930.0
6103,34270460.0
6104,27657.062
6105,1012442.25
6106,1285066.0
6107,17452.44
6108,4404845.0
6109,2907562.0
6110,97773180.0
6111,79481.55
6112,12152.154
6113,3154832.0
6114,38952290.0
6115,226707250.0
6116,5789.7036
6117,2690863.8
6118,12927586.0
6119,86533730.0
6120,89176790.0
6121,1698667.1
6122,77262830.0
6123,146007.25
6124,1824323.6
6125,738940.3
6126,3914280.8
6127,173720.95
6128,125381010.0
6129,1308278.9
6130,549462.0
6131,18382218.0
6132,7557.446
6133,4564093.5
6134,11611688.0
6135,22768212.0
6136,694633100.0
6137,50762776.0
6138,4442628.5
6139,1305095400.0
6140,144561.45
6141,19211596.0
6142,73972.13
6143,722871.94
6144,29567506.0
6145,7764859.0
6146,4134584.5
6147,125768540.0
6148,899078.25
6149,82070504.0
6150,102791540.0
6151,22628160.0
6152,1115755900.0
6153,890996.6
6154,61947.73
6155,86371970.0
6156,3510057.0
6157,8138643.0
6158,129354370.0
6159,13559886.0
6160,4416202.0
6161,15338454.0
6162,1263519.9
6163,34707.523
6164,3254586.0
6165,1947944.0
6166,33329986.0
6167,6384287.5
6168,35163150.0
6169,91842580.0
6170,3164522.5
6171,16394762.0
6172,235178.19
6173,9332514.0
6174,47616956.0
6175,5138968.0
6176,5388387.0
6177,58509452.0
6178,105201.62
6179,372788130.0
6180,15983516.0
6181,775498.1
6182,516123800.0
6183,3779128.5
6184,365480130.0
6185,4502071.0
6186,3241143.0
6187,17545488.0
6188,10264062.0
6189,9255367.0
6190,113844984.0
6191,1365227.0
6192,6255343.5
6193,1097780.6
6194,4140748.0
6195,125602.78
6196,7993377.0
6197,811342.06
6198,134020696.0
6199,1034128100.0
6200,1930771.2
6201,683768.5
6202,68587384.0
6203,645800500.0
6204,554660.0
6205,1461426.6
6206,36168320.0
6207,19516964.0
6208,890363.0
6209,58275.086
6210,2384.4897
6211,55207564.0
6212,6429655.5
6213,43481530.0
6214,5859702.5
6215,34487440.0
6216,54334652.0
6217,49177.61
6218,861519.6
6219,9739845.0
6220,251940.84
6221,6250686.0
6222,169309.05
6223,19309020.0
6224,4102045.0
6225,69768536.0
6226,923700.3
6227,12381058.0
6228,386418.3
6229,1255249.5
6230,13479.633
6231,57827244.0
6232,296016.84
6233,100324990.0
6234,3509879.8
6235,40084880.0
6236,3267701.0
6237,5621346.0
6238,469353.88
6239,163204540.0
6240,188811400.0
6241,110239.36
6242,566275.44
6243,5431177.0
6244,14655917.0
6245,2798413.2
6246,398399.16
6247,331941120.0
6248,184723.58
6249,1793267.4
6250,1854224.5
6251,56197844.0
6252,11211262.0
6253,2830512.0
6254,90817950.0
6255,1122769.4
6256,318146.66
6257,54114460.0
6258,72590.16
6259,504041.53
6260,1075639.4
6261,59476428.0
6262,9348476.0
6263,2551154.8
6264,539003.0
6265,165314.12
6266,885379.1
6267,151912850.0
6268,23286.492
6269,112642120.0
6270,116445860.0
6271,268258370.0
6272,746704.44
6273,147016.9
6274,353909300.0
6275,10268213.0
6276,10257975.0
6277,8177942.0
6278,29560.146
6279,3578662.2
6280,1231616.6
6281,505650.56
6282,788750000.0
6283,12752434.0
6284,132568500.0
6285,42789776.0
6286,861079.4
6287,7523828.0
6288,60743616.0
6289,106643144.0
6290,23867.996
6291,23674744.0
6292,110462160.0
6293,620418560.0
6294,2738065.2
6295,183412510.0
6296,4270185.5
6297,25418194.0
6298,156792.3
6299,26669.688
6300,1456052.6
6301,2709988.0
6302,36431.72
6303,1328050.1
6304,1056615.8
6305,143289870.0
6306,16705689.0
6307,1773016.0
6308,144018.19
6309,69386.555
6310,33402728.0
6311,39554.035
6312,3625113.5
6313,5917765.0
6314,68047920.0
6315,2468077.0
6316,60997760.0
6317,105464660.0
6318,53699584.0
6319,56035370.0
6320,6826.816
6321,72324120.0
6322,27319876.0
6323,8108066.0
6324,339893.03
6325,5823808.0
6326,880476.0
6327,11144850.0
6328,8353987.0
6329,518896.2
6330,301380.66
6331,76210056.0
6332,48153.016
6333,25865938.0
6334,322216.62
6335,17885912.0
6336,32430844.0
6337,50776136.0
6338,397259.06
6339,12934590.0
6340,588122.25
6341,79692.33
6342,15416502.0
6343,14804965.0
6344,39163708.0
6345,942529.75
6346,126800180.0
6347,35021184.0
6348,2142848.8
6349,35899724.0
6350,15387.291
6351,74497350.0
6352,114439544.0
6353,88999.11
6354,666982.5
6355,844.7392
6356,4365426.0
6357,276220.22
6358,1274744.5
6359,658458.5
6360,457044.6
6361,135186270.0
6362,661895.5
6363,1817185.2
6364,444225.7
6365,84587240.0
6366,5008972.5
6367,1459959.8
6368,27628208.0
6369,9373097.0
6370,266453700.0
6371,1277911.6
6372,4447783.5
6373,4173475.0
6374,5218620.5
6375,48630264.0
6376,129820.445
6377,675306.25
6378,77669.664
6379,395969730.0
6380,16587860.0
6381,647103800.0
6382,93477500.0
6383,16631928.0
6384,28096228.0
6385,119178.72
6386,260748380.0
6387,5971515.0
6388,267835.2
6389,2860686.0
6390,14026206.0
6391,479353.38
6392,1884241.8
6393,187233810.0
6394,261215800.0
6395,128092.68
6396,104170.51
6397,12915312.0
6398,5666326.0
6399,109656.88
6400,6681315.5
6401,354533.38
6402,2670188.0
6403,42085.0
6404,21969812.0
6405,325160.3
6406,1871157.1
6407,16295001.0
6408,2300742.0
6409,61383610.0
6410,4083033.8
6411,231782.61
6412,523119.06
6413,4621621.0
6414,1081751700.0
6415,729241.5
6416,3345501.8
6417,66653776.0
6418,14124545.0
6419,6328295.0
6420,18845510.0
6421,6468871.0
6422,25218.268
6423,1995321.4
6424,85586776.0
6425,33110562.0
6426,3496222.5
6427,21502.914
6428,330666.0
6429,11127836.0
6430,108073230.0
6431,43407612.0
6432,25885928.0
6433,4680038.5
6434,9015619.0
6435,19608680.0
6436,58451784.0
6437,132092.53
6438,9021570.0
6439,2239210.8
6440,38620788.0
6441,4078935.5
6442,342717.0
6443,3154335.5
6444,286466.7
6445,287487040.0
6446,122458810.0
6447,3172866.0
6448,870050.5
6449,12931704.0
6450,364384.03
6451,3711908.8
6452,2998013.2
6453,53052816.0
6454,16774976.0
6455,14099028.0
6456,561469.0
6457,35071452.0
6458,550785.7
6459,1095867.5
6460,26892678.0
6461,138206940.0
6462,89058140.0
6463,60693.418
6464,118535.56
6465,2290157.8
6466,7034467.0
6467,1904591.8
6468,408438.97
6469,4034653.0
6470,263625.7
6471,5077939.5
6472,1333026.8
6473,3684670.2
6474,564513.3
6475,11497.356
6476,310576770.0
6477,19928454.0
6478,2031631.4
6479,620983300.0
6480,57632016.0
6481,3427945.8
6482,2454556.5
6483,69476.61
6484,50851250.0
6485,74697400.0
6486,79095.45
6487,52152160.0
6488,14705395.0
6489,87572.25
6490,316067.56
6491,6299645.0
6492,4915994.0
6493,9973025.0
6494,68693560.0
6495,1423729.1
6496,384686980.0
6497,163630620.0
6498,100238536.0
6499,13674946.0
6500,1124171.9
6501,1288325.1
6502,229314420.0
6503,4581057.0
6504,2642618.0
6505,1283826.2
6506,20723.438
6507,787416.75
6508,35608464.0
6509,220077.53
6510,1351512.2
6511,7663958.5
6512,3302507.5
6513,9608377.0
6514,824569.3
6515,56281410.0
6516,20419808.0
6517,4628678.5
6518,5382352.0
6519,47335156.0
6520,48242.418
6521,127788590.0
6522,5022658.0
6523,14567181.0
6524,6680443.0
6525,32580014.0
6526,346964800.0
6527,108340.06
6528,1458102.2
6529,73044.945
6530,153072780.0
6531,323261.25
6532,9417198.0
6533,2113068.2
6534,276553250.0
6535,5555028.5
6536,27531364.0
6537,28968366.0
6538,40981652.0
6539,297111700.0
6540,64176770.0
6541,31406562.0
6542,5517479.0
6543,133966.84
6544,1980099.5
6545,1057954.8
6546,532777570.0
6547,47473.33
6548,46315164.0
6549,154308960.0
6550,12558653.0
6551,37066160.0
6552,2194223.8
6553,360.70764
6554,18281100.0
6555,779238.25
6556,22466974.0
6557,158388.38
6558,75898610.0
6559,9314535.0
6560,303299550.0
6561,7413.437
6562,63775188.0
6563,15479527.0
6564,2317836.2
6565,9251149.0
6566,31480150.0
6567,5942474.0
6568,3235325.0
6569,2694304.8
6570,18514380.0
6571,1529436.9
6572,351.7849
6573,475644.78
6574,16302960.0
6575,220695.66
6576,2729888.8
6577,1974195.9
6578,67578920.0
6579,8252055.0
6580,13039.408
6581,25570200.0
6582,5826.006
6583,1926.5562
6584,310916.72
6585,14350313.0
6586,34033356.0
6587,7641006.5
6588,410189.3
6589,45733424.0
6590,77256780.0
6591,6036365.0
6592,110068660.0
6593,80895260.0
6594,10155265.0
6595,16651.123
6596,133483430.0
6597,1299103.4
6598,4335615.5
6599,2498699.2
6600,1151832.2
6601,227304.06
6602,403769500.0
6603,34445300.0
6604,10437874.0
6605,75631550.0
6606,411554.06
6607,46145250.0
6608,88893.5
6609,143088.88
6610,52692.164
6611,6715440.5
6612,850601860.0
6613,52162708.0
6614,299089800.0
6615,35988.348
6616,124366616.0
6617,22980820.0
6618,41796320.0
6619,5131636.5
6620,171240.62
6621,13872556.0
6622,69782376.0
6623,241987260.0
6624,129757400.0
6625,162915620.0
6626,16884340.0
6627,14097603.0
6628,188782.19
6629,1218360.8
6630,7198977.5
6631,14210476.0
6632,351434.03
6633,594660.0
6634,4785967.0
6635,17130.324
6636,133495144.0
6637,79418720.0
6638,22.019278
6639,2854053.5
6640,6536634.0
6641,119426680.0
6642,136474900.0
6643,143490.64
6644,116317.82
6645,19949180.0
6646,8154282.5
6647,80522.914
6648,23455048.0
6649,9996125.0
6650,77985.63
6651,39449650.0
6652,457335.4
6653,63680744.0
6654,145011570.0
6655,16587829.0
6656,18451630.0
6657,63071630.0
6658,301126.97
6659,472038.25
6660,209219.19
6661,1527115.0
6662,7021384.0
6663,314792060.0
6664,6357930.0
6665,25313.86
6666,4074006.0
6667,271037200.0
6668,10803463.0
6669,2802093.2
6670,534125.44
6671,12604825.0
6672,4028904.8
6673,84116480.0
6674,615014200.0
6675,34329012.0
6676,2523306.8
6677,22036.035
6678,2019511.8
6679,447531780.0
6680,3513543.5
6681,760722750.0
6682,24483400.0
6683,1738122.5
6684,32061.871
6685,1340037.1
6686,359918.38
6687,75939730.0
6688,27092900.0
6689,54748270.0
6690,577738050.0
6691,515780.03
6692,413490500.0
6693,38042850.0
6694,72662880.0
6695,4032737.2
6696,111069770.0
6697,2602439.5
6698,7809097.0
6699,147322420.0
6700,149930960.0
6701,20528956.0
6702,5046747.0
6703,339943.28
6704,133989.72
6705,31232906.0
6706,19941000.0
6707,28887864.0
6708,1366237.8
6709,582664.56
6710,54931004.0
6711,5988755.5
6712,110051230.0
6713,6588373.0
6714,40445.125
6715,1896441.1
6716,23974796.0
6717,426168000.0
6718,3780916.5
6719,6638096.0
6720,5167.5938
6721,3496913.0
6722,1968116.5
6723,58664330.0
6724,2743533.5
6725,2503035.2
6726,59929416.0
6727,4607371.5
6728,1644645.4
6729,2190408.0
6730,6111960.0
6731,1210620.2
6732,4081.4133
6733,70022640.0
6734,2994036.0
6735,37878704.0
6736,83127.68
6737,3555339.8
6738,297828.84
6739,3697525.5
6740,7136.0
6741,93013.77
6742,24194884.0
6743,100669256.0
6744,2079481.0
6745,729580.25
6746,35318490.0
6747,8627239.0
6748,67840.24
6749,27023.09
6750,212749.77
6751,1910077.9
6752,54032880.0
6753,881820.5
6754,63431990.0
6755,10697453.0
6756,57596852.0
6757,56500824.0
6758,3235497.8
6759,128532690.0
6760,16822044.0
6761,49987116.0
6762,258100.5
6763,16179730.0
6764,94274.95
6765,117152504.0
6766,10768.613
6767,13943437.0
6768,139418500.0
6769,3538737.5
6770,3174776.0
6771,3883615.8
6772,6089380.0
6773,2712141.8
6774,250990380.0
6775,775007900.0
6776,1397713.1
6777,36662356.0
6778,55523948.0
6779,5960710.0
6780,40386096.0
6781,162336.03
6782,86309224.0
6783,35307172.0
6784,277652.75
6785,33966172.0
6786,1607152.5
6787,9240462.0
6788,572072.0
6789,832446.06
6790,1032125.44
6791,11118119.0
6792,547917600.0
6793,16475419.0
6794,1207163.9
6795,329278.84
6796,849684100.0
6797,1567321.4
6798,7852007.0
6799,757486.75
6800,22552456.0
6801,8616755.0
6802,9588733.0
6803,143907500.0
6804,183.03397
6805,3702712.8
6806,21749130.0
6807,44372120.0
6808,36261.07
6809,7008532.5
6810,1793770.2
6811,29873672.0
6812,6242852.0
6813,94440050.0
6814,771341.06
6815,1512929.2
6816,180044.44
6817,13118.28
6818,2842.506
6819,63375150.0
6820,16871046.0
6821,12644798.0
6822,3257967.8
6823,28197372.0
6824,267080050.0
6825,4576751.0
6826,11434348.0
6827,519700.94
6828,10134.552
6829,109418.81
6830,709773.1
6831,135330990.0
6832,794455.8
6833,17726898.0
6834,4044816.0
6835,112598296.0
6836,1730114.9
6837,54406624.0
6838,1115105.4
6839,479665.25
6840,1131184.8
6841,1978402.6
6842,780062.1
6843,3280393.5
6844,31826330.0
6845,3030892.0
6846,66842196.0
6847,131397.84
6848,1970828.6
6849,798142.0
6850,85905200.0
6851,106205096.0
6852,1752602.0
6853,393073.7
6854,35523190.0
6855,15442488.0
6856,38202.707
6857,14726502.0
6858,2517473.2
6859,35824756.0
6860,5851371.0
6861,11446000.0
6862,60511990.0
6863,224630020.0
6864,1504433.2
6865,1239172.1
6866,13978187.0
6867,33884704.0
6868,785838340.0
6869,19253452.0
6870,335983.12
6871,39254200.0
6872,26359.393
6873,4927216.5
6874,39449424.0
6875,4190189.2
6876,5522301.0
6877,469299.72
6878,61433.0
6879,1694298.8
6880,806692.75
6881,426653.1
6882,19114664.0
6883,38463908.0
6884,6150328.0
6885,173115.64
6886,76723.2
6887,4827406.5
6888,29150776.0
6889,1006017.75
6890,31599200.0
6891,16821016.0
6892,103949464.0
6893,193746240.0
6894,8616566.0
6895,273434.44
6896,201286.42
6897,420687.88
6898,7661386.5
6899,51222.57
6900,33211128.0
6901,38462220.0
6902,7629.7427
6903,769963.75
6904,39823264.0
6905,9906197.0
6906,88742080.0
6907,23010118.0
6908,8866276.0
6909,1422893.0
6910,4078900.5
6911,3557941.5
6912,4188798.8
6913,219051780.0
6914,390967070.0
6915,5635371.5
6916,13844510.0
6917,1103367200.0
6918,20589070.0
6919,261415.27
6920,69207380.0
6921,216991710.0
6922,4815727.0
6923,2784331.0
6924,21711.541
6925,969696.56
6926,3209256.8
6927,463810.1
6928,27240888.0
6929,11169642.0
6930,102865670.0
6931,8808502.0
6932,584596.5
6933,205627.16
6934,30304900.0
6935,23084.387
6936,2602941.0
6937,161895870.0
6938,541099.2
6939,432010.62
6940,16159807.0
6941,37687084.0
6942,16341938.0
6943,1888415.4
6944,68636720.0
6945,6937690.0
6946,69826584.0
6947,2086511.1
6948,2050285.6
6949,35432316.0
6950,371974850.0
6951,323270.8
6952,5631213.0
6953,21189222.0
6954,2445493.2
6955,32997208.0
6956,3145437.8
6957,1378126.4
6958,562714.8
6959,1565307.8
6960,29294132.0
6961,3252466.5
6962,67329970.0
6963,21886040.0
6964,9531913.0
6965,273848.3
6966,44367040.0
6967,67185900.0
6968,3233033.2
6969,182388.75
6970,1542355.8
6971,95611070.0
6972,954075.75
6973,14388409.0
6974,84483570.0
6975,22599046.0
6976,11858902.0
6977,194202.8
6978,576440.06
6979,18062880.0
6980,5639635.0
6981,450843.6
6982,37390450.0
6983,1153614.2
6984,79689110.0
6985,214803060.0
6986,39441976.0
6987,1919203.9
6988,1454796.5
6989,182634.34
6990,171959650.0
6991,241001.56
6992,88392.27
6993,295458.4
6994,21052.549
6995,24767656.0
6996,71886360.0
6997,26879.895
6998,1215748.0
6999,143512800.0
7000,40229.234
7001,2751764.0
7002,33785.43
7003,155391.81
7004,789883.0
7005,553142.4
7006,481943.7
7007,637978.4
7008,6202894.5
7009,384179.8
7010,7257087.0
7011,127728.43
7012,2832415.5
7013,3376316.5
7014,352639.3
7015,131034520.0
7016,459481860.0
7017,7078087.0
7018,1936342.0
7019,77257230.0
7020,23879368.0
7021,1014251.4
7022,13123904.0
7023,9804484.0
7024,7761823.5
7025,709794.75
7026,89566460.0
7027,28836392.0
7028,2085468.8
7029,36971970.0
7030,5586075.0
7031,18591596.0
7032,1969143.4
7033,351954.94
7034,2236208.2
7035,4321489.5
7036,6290501.5
7037,24072210.0
7038,1304915.8
7039,57485896.0
7040,1478398.2
7041,39658780.0
7042,91855710.0
7043,449994.38
7044,13570416.0
7045,32997836.0
7046,67795420.0
7047,141814300.0
7048,1700106.2
7049,10171549.0
7050,106088.43
7051,1354092.5
7052,118847680.0
7053,10215450.0
7054,14009950.0
7055,49152756.0
7056,291912420.0
7057,1448022.2
7058,441681.8
7059,607102.7
7060,11894376.0
7061,5973588.5
7062,80466380.0
7063,106576.2
7064,345649700.0
7065,343315.97
7066,53796.047
7067,153826.81
7068,67471380.0
7069,333394.22
7070,187270960.0
7071,158512770.0
7072,62003.17
7073,3063392.5
7074,894618.75
7075,20134694.0
7076,65617028.0
7077,6508927.5
7078,36178532.0
7079,13146.449
7080,2048286.4
7081,1239072.9
7082,298240.4
7083,251134.11
7084,26370464.0
7085,3698012.2
7086,1102533.5
7087,174951040.0
7088,45602244.0
7089,4692149.5
7090,2993924.8
7091,341528.38
7092,331419840.0
7093,7177363.0
7094,33106206.0
7095,3642360.8
7096,3254989.5
7097,58083030.0
7098,19863372.0
7099,49829572.0
7100,4195767.5
7101,27487868.0
7102,510391.72
7103,1064741.4
7104,11652978.0
7105,32367564.0
7106,31801390.0
7107,29531942.0
7108,516662.75
7109,22572982.0
7110,179263.5
7111,1500837.8
7112,109130470.0
7113,66949250.0
7114,4513493.5
7115,4707307.5
7116,1662273.0
7117,18909.059
7118,8282591.0
7119,2162177.8
7120,108308.97
7121,4822220.5
7122,1387293.8
7123,8700.792
7124,230848600.0
7125,12495146.0
7126,130203656.0
7127,36828252.0
7128,4196752.0
7129,4320756.0
7130,6000853.0
7131,1033878.0
7132,11903250.0
7133,80340780.0
7134,33998644.0
7135,62762976.0
7136,28536448.0
7137,13821952.0
7138,4466345.5
7139,169215.25
7140,128610670.0
7141,151279.55
7142,1259323.9
7143,21999880.0
7144,136451.19
7145,11616894.0
7146,1308648.2
7147,20920084.0
7148,7041481.0
7149,5408801.0
7150,19522.525
7151,3862109.0
7152,18424726.0
7153,686754.44
7154,20924274.0
7155,304168540.0
7156,2429766.8
7157,73086264.0
7158,52520.082
7159,2000669.9
7160,416756.94
7161,65484120.0
7162,290182620.0
7163,3447968.5
7164,167767.31
7165,35329468.0
7166,2393529.8
7167,255962.05
7168,14485.862
7169,265863.4
7170,2505999.5
7171,2493039.0
7172,359351.8
7173,152320.14
7174,3152639.2
7175,429348.7
7176,2468442.0
7177,40469220.0
7178,20673320.0
7179,157842700.0
7180,222136.61
7181,1021158.8
7182,89880150.0
7183,5692.549
7184,1151993100.0
7185,2999549.0
7186,18182202.0
7187,97607910.0
7188,12369469.0
7189,1738057.9
7190,3842838.8
7191,734430.6
7192,10818309.0
7193,100887.91
7194,204934460.0
7195,5646087.0
7196,6080095.0
7197,1297430.6
7198,8310125.0
7199,836841.44
7200,41963108.0
7201,52574.355
7202,9761567.0
7203,22376.92
7204,72901930.0
7205,56014316.0
7206,68688320.0
7207,944901900.0
7208,19422158.0
7209,3021443.5
7210,937759.9
7211,91472.21
7212,7593497.5
7213,21251230.0
7214,73589840.0
7215,62454050.0
7216,122471656.0
7217,496502.1
7218,437788.44
7219,3921361.0
7220,43730460.0
7221,26087908.0
7222,43699190.0
7223,2974847.0
7224,851839.2
7225,22.174158
7226,67224360.0
7227,76583960.0
7228,912498.44
7229,2019640.8
7230,134293.55
7231,7296365.0
7232,297384420.0
7233,64843908.0
7234,110236320.0
7235,7603925.5
7236,95045230.0
7237,1227599.1
7238,1431495.0
7239,805911400.0
7240,12548596.0
7241,177938450.0
7242,5525546.0
7243,13059680.0
7244,15052401.0
7245,242708.16
7246,153964.48
7247,179571920.0
7248,55320668.0
7249,4292.861
7250,302703.7
7251,6757714.0
7252,2099357.2
7253,3608515.5
7254,19156200.0
7255,78628.1
7256,2178895.0
7257,6294960.5
7258,13192873.0
7259,1523933.2
7260,793356.5
7261,366930180.0
7262,18972.52
7263,19613318.0
7264,2181658.2
7265,476859.75
7266,8334761.0
7267,57361.973
7268,649654.94
7269,133525950.0
7270,450867200.0
7271,1070181.6
7272,2165626.2
7273,56041.71
7274,1050795.4
7275,35172676.0
7276,371020.25
7277,283085600.0
7278,83642920.0
7279,93672410.0
7280,36833940.0
7281,41516330.0
7282,27942900.0
7283,408562530.0
7284,921067.5
7285,25531456.0
7286,101297160.0
7287,2861117.0
7288,10958867.0
7289,63256680.0
7290,8292225.5
7291,5933951.0
7292,425869.34
7293,4546603.5
7294,4736009.0
7295,41781016.0
7296,6204.0986
7297,37748090.0
7298,1014530.94
7299,162864.19
7300,4256556.5
7301,14500318.0
7302,392505.78
7303,581420.1
7304,8841418.0
7305,453937.8
7306,623857400.0
7307,212276.73
7308,625704.4
7309,3994994.2
7310,6790033.5
7311,7052166.5
7312,58163188.0
7313,240603800.0
7314,595961.8
7315,449276.97
7316,904312.6
7317,13832342.0
7318,64916670.0
7319,357681.56
7320,104216080.0
7321,1109.0553
7322,278344.97
7323,35031540.0
7324,7822916.5
7325,216076500.0
7326,152348100.0
7327,11272996.0
7328,8405733.0
7329,211254750.0
7330,265069360.0
7331,116583200.0
7332,13454670.0
7333,111678160.0
7334,4810109.0
7335,39810276.0
7336,16502057.0
7337,8830851.0
7338,58377910.0
7339,61523916.0
7340,129329.49
7341,1175.3698
7342,56609016.0
7343,1379432.1
7344,1315756.2
7345,1110848.1
7346,3766664.8
7347,4495138.0
7348,194684.38
7349,24852456.0
7350,15423560.0
7351,13574998.0
7352,8039.0635
7353,1340480.8
7354,6613.358
7355,26567356.0
7356,46898400.0
7357,279601.25
7358,2016394.1
7359,50275210.0
7360,17169672.0
7361,301.4461
7362,128573390.0
7363,1081759900.0
7364,88436.625
7365,82902140.0
7366,37757884.0
7367,90945.78
7368,2931786.5
7369,59867264.0
7370,27847820.0
7371,6064.753
7372,89884440.0
7373,298321200.0
7374,4368574.5
7375,33663490.0
7376,222826.19
7377,17062786.0
7378,260724020.0
7379,32650558.0
7380,1901767.6
7381,56876.12
7382,2792582.8
7383,402485.38
7384,8430041.0
7385,27127236.0
7386,39848264.0
7387,231134.53
7388,1822421.2
7389,368409.38
7390,14889.143
7391,173411.4
7392,10498592.0
7393,632347600.0
7394,32150244.0
7395,14342296.0
7396,29681984.0
7397,7742321.0
7398,1163447.4
